phy,chem,math,result
60.59,77.15,82.08,1
9.8,18.01,42.39,0
87.45,74.45,63.73,1
10.43,59.69,49.26,0
98.68,98.99,72.09,1
2.52,41.75,39.87,0
93.53,75.71,63.22,1
91.51,93.25,84.41,1
17.22,27.5,37.85,0
64.65,80.73,71.62,1
32.53,24.94,49.06,0
78.92,76.76,86.11,1
25.25,24.88,10.52,0
97.8,81.15,96.82,1
6.33,53.23,35.71,0
1.49,43.5,41.7,0
44.62,58.82,39.23,0
57.33,22.75,53.96,0
66.89,79.16,88.62,1
13.59,56.97,28.78,0
97.34,90.25,72.54,1
74.67,89.47,64.63,1
73.5,92.52,72.8,1
82.19,71.7,74.42,1
26.13,40.56,29.52,0
3.58,9.04,38.29,0
76.66,62.23,78.26,1
14.42,59.3,42.2,0
76.03,62.96,81.4,1
4.83,33.17,39.56,0
60.11,91.52,98.79,1
61.01,87.51,66.47,1
99.46,71.17,62.99,1
98,76.78,66.38,1
99.27,90.63,75.16,1
16.6,52.88,58.16,0
76.84,85.8,95.86,1
31.62,1.09,9.26,0
47.89,15.53,25.4,0
74.6,79.24,87.71,1
30.59,3.13,52.47,0
30.57,31.96,27.34,0
67.26,65.93,88.81,1
58.99,2.11,53.74,0
94.49,70.03,69.12,1
69.37,76.83,73.4,1
28.04,40.45,36.8,0
82.63,91.28,74.56,1
93.78,97.83,77.42,1
28.12,39.74,6.67,0
32.37,56.13,23.04,0
62.92,71.42,64.02,1
64.21,72.47,90.75,1
77.68,91.81,65.05,1
5.96,15.22,31.19,0
17.94,7.28,35.22,0
88.61,81.34,93.76,1
92.14,68.29,84.85,1
95.48,78.14,65.06,1
88.58,89.94,60.53,1
99.83,87.04,82.71,1
77.92,77.37,94.29,1
70.72,82.14,90.45,1
83.62,81.81,96.22,1
45.65,38.84,7.1,0
82.75,66.19,72.58,1
24.1,1.56,21.11,0
74.02,62.41,79.49,1
85.48,66.46,99.2,1
68.04,93.45,83.2,1
69.61,76.22,99.72,1
68.08,66.19,83.42,1
96.24,86.8,84.03,1
29.27,47.97,3.01,0
28.64,23.3,21.86,0
39.99,42.93,11.52,0
89.15,89.59,61.4,1
70.1,70.22,66.33,1
95.12,91.95,80.49,1
85.77,70.98,92.1,1
36.81,20.82,11.25,0
39.59,36.32,34.67,0
36.35,40.86,13.61,0
42.44,5.67,28.18,0
22.34,43.02,57.58,0
41.55,46.45,39.71,0
17.18,35.89,24.83,0
49.29,51.23,38.11,0
70.57,90.7,72.01,1
95.15,63.37,81.64,1
61.35,77.66,97.66,1
58.04,10.14,55.17,0
89.3,78.52,74.77,1
75.62,99.87,88.33,1
26.27,26.85,39.15,0
46.81,51.09,7.79,0
73.45,72.22,60.61,1
70.07,77.74,82.51,1
49.05,40.82,10.25,0
17.34,19.42,22.18,0
60.19,71.45,77.02,1
83.2,95.98,95.34,1
87.28,90.02,68.71,1
83.35,94.01,92.14,1
66.13,83.76,83.04,1
88.98,78.62,68.38,1
79.29,89.45,72.72,1
13.17,30.35,50.48,0
58.28,53.82,49.1,0
9.67,49.19,48.12,0
99.75,79.1,73.19,1
28.86,2.79,17.09,0
49.73,16.16,14.7,0
73.03,72.77,89.45,1
92.22,70.39,89.98,1
15.32,51.04,3.22,0
84.95,77.15,91.21,1
65.57,96.47,97.79,1
53.81,14.11,52,0
59.78,54.5,40.4,0
65.47,97.62,81.92,1
99.97,61.67,95.54,1
14.32,3.03,38.97,0
74.76,77.95,75.5,1
57.81,1.78,27.73,0
87.72,74.17,65.84,1
11.8,8.09,41.6,0
30.93,16.2,28.46,0
9.36,12.48,46.64,0
30.32,59.71,36.47,0
78.77,78.57,79.03,1
97.39,95.21,80.24,1
16.76,51.94,1.04,0
0.71,20.12,52.72,0
75.83,74.04,61.64,1
73.62,78.13,66.18,1
25.81,43.45,5.46,0
95.73,65.45,63.49,1
25.54,10.38,51.51,0
33.84,8.99,9.64,0
77.05,70.17,90.36,1
73.39,76.04,93.6,1
92.07,60.66,86.06,1
61.2,61.08,80.36,1
27.27,20.83,52.17,0
73.7,85.25,81.87,1
16.12,25.39,52.61,0
89.5,94.09,83.23,1
97.29,89.61,75.88,1
1.98,38.88,40.45,0
87.26,80.17,78.19,1
32.4,48.52,44.32,0
14.19,2.52,25.13,0
16.99,9.54,23.62,0
84.16,70.89,60.9,1
81.53,62.88,65.63,1
14.36,6.29,33.99,0
55.13,47.39,1.67,0
44.27,22.35,19.6,0
81.57,85.81,62.5,1
7.95,56.64,29.36,0
98.81,64.67,89.23,1
74.62,83.08,88.57,1
73.2,79.25,96.14,1
72.2,92.96,97.97,1
65.08,93.61,84.84,1
56.18,16,56.46,0
14.87,55.73,36.88,0
93.55,62.12,97.13,1
95.58,66.7,98.51,1
29.15,20.3,1.74,0
82.62,84.54,81.84,1
20.32,6.76,17.77,0
11.16,16.87,21.97,0
2.51,2.58,19.9,0
86.69,94.86,86.43,1
17.97,57.86,16.45,0
31.62,42.57,3.03,0
34.77,47.7,34.94,0
70.37,71.23,89.76,1
83.69,92.57,93.97,1
72.82,93.13,68.62,1
50.61,2.81,5.44,0
56.24,35.1,15.56,0
8.68,31.22,12.7,0
22.62,3.65,35.31,0
76.68,73.83,85.51,1
67.91,95.89,99.23,1
60.45,76.87,60.12,1
21.75,4.75,55.38,0
31.9,5.22,23.33,0
48.7,29.66,48.22,0
43.95,37.18,38.24,0
55.37,52.72,28.79,0
72.59,77.85,60.05,1
28.66,40.9,31.01,0
10.88,39.2,30.88,0
35.98,52.01,25.24,0
82.37,79.28,84.67,1
81.78,78,96.19,1
79.13,81.34,65.62,1
51.52,20.16,39.44,0
88.54,84.32,97.46,1
40.77,6.24,40.17,0
73.5,69.74,73.41,1
4.99,20.86,49.24,0
95.51,84.92,69.07,1
85.91,80.76,84.46,1
61.01,83.83,67.07,1
89.95,97.8,93.2,1
97.98,90.32,62.44,1
57.66,19.54,28.4,0
91.5,89.72,70.38,1
1.52,9.71,2.51,0
10.51,35.41,57.07,0
71.03,99.37,93,1
13.16,42.49,55.1,0
51.8,36.25,9.15,0
98.12,91.01,71.9,1
76.11,74.65,60.48,1
19.24,17.47,58.16,0
6.27,50.39,37.62,0
58.05,12.54,58.48,0
3.49,24.34,33.45,0
78.22,62.02,75.39,1
79.77,91,90.23,1
73.21,87.18,84.83,1
51.22,47.18,59.16,0
29.62,21.96,19.17,0
11.03,23.35,41.86,0
80.43,69.64,95.29,1
48.1,0.37,53.79,0
67.25,82.86,96.94,1
89.05,84.63,70.45,1
65.66,89.29,94.28,1
15.99,11.09,6.17,0
84.01,69.4,88.38,1
63.67,71.46,71.47,1
99.64,88.23,76.65,1
79.71,96.98,68.85,1
0.77,46.48,34.97,0
43.95,3.65,22.58,0
31.47,44.64,58.66,0
18.69,27.08,31.52,0
65.67,67.1,80.84,1
44.63,15.4,52.28,0
64.3,95.84,79.42,1
39.14,3.52,8.73,0
87.17,93.03,76.31,1
16.43,6.64,31.37,0
62.22,98.86,98,1
71.89,94.9,85.99,1
56.95,58.44,44.96,0
42.34,0.41,1.04,0
88.84,60.36,70.67,1
61.62,96.42,66.95,1
94.59,93.24,70.12,1
0.11,54.56,47.44,0
82.73,65.46,86.27,1
87.2,84.42,93.57,1
87.87,97.49,95.37,1
72.34,88.64,71.82,1
76.9,61.18,76.58,1
69.37,81.3,96.65,1
74.79,69.24,87.05,1
81.12,75.82,87.72,1
58.62,42.32,45.82,0
86.16,69.51,96.54,1
99.71,64.64,99.45,1
96.12,74,93.83,1
99.59,99.3,82.39,1
60.3,93.46,87.37,1
57.58,1.33,59.99,0
31.47,1.73,52.28,0
0.36,42.33,20.85,0
96.32,88.19,81.15,1
13.38,1.05,36.08,0
18.63,3.47,30.67,0
30.95,29.58,44.64,0
23.72,21.54,38.22,0
81.32,84.54,78.51,1
91.15,91.35,80.6,1
14.38,51.09,2.81,0
10.29,36.32,1.82,0
86.49,64.2,79.27,1
36.56,14.06,0.57,0
10.6,41.78,10.18,0
83.08,97.07,92.15,1
68.72,75.71,62.99,1
95.86,84.9,91.33,1
20.68,17.01,42.78,0
74.45,66.65,93.71,1
40.87,8.96,9.9,0
89.51,60.02,67.56,1
13.19,32.44,52.99,0
12.87,36.38,27.34,0
86.41,72.63,67.91,1
51.77,56.63,51.87,0
31.56,23.33,28.74,0
9.16,33.28,8.57,0
71.22,72.05,65.4,1
57.06,43.73,4.32,0
32.33,22.16,26.83,0
90.81,74.17,98.23,1
96.02,93.54,98.61,1
50.13,31.05,39.73,0
24.58,48.1,26.93,0
32.91,25.48,13.46,0
50.58,3.79,33.19,0
58.06,34.47,36.13,0
92.24,61.73,87.49,1
3.94,47.96,29.36,0
86.1,68.26,80.89,1
3.75,44.03,28.99,0
78.72,98.08,63.83,1
31.15,39.47,22.79,0
21.51,19.89,59.76,0
99.05,96.43,98.61,1
18.01,38.63,34.62,0
98.04,94.39,83.79,1
79.75,97.28,78.8,1
32.68,25.47,7.91,0
41.89,12.18,51.31,0
37,35.82,59.54,0
15.88,30,42.18,0
5.72,58.15,4.71,0
41.27,11.09,50.97,0
12.83,50.7,37.55,0
93.72,74.76,91.86,1
44.09,10.07,42.44,0
0.79,32.66,25.41,0
73.73,84.55,86.6,1
74.42,98.7,76.49,1
89.98,84.15,96.91,1
64.26,78.72,64.74,1
45.02,38.22,36.57,0
97.49,98.51,83.22,1
65.69,61.31,95.01,1
83.34,79.23,80.14,1
54.84,53.45,55.45,0
84.13,95.67,76.72,1
95.66,75.89,72.52,1
64.37,68.19,97.84,1
5.48,36.39,11.7,0
59.62,43.63,11.45,0
8.09,46.8,12.08,0
45.01,57.62,49.53,0
65.28,79.09,89.12,1
29.54,0.09,24.2,0
86.52,90.39,68.03,1
0.64,12.02,25.66,0
88.84,62.05,85.15,1
78.25,95.95,81.9,1
21.62,45.91,21.67,0
92.74,84.12,90.57,1
24.48,53.9,39.21,0
4.17,13.38,32.98,0
30.76,36.76,39.22,0
78.86,75.42,62.86,1
31.24,8.54,17.72,0
91.41,60.72,68.8,1
65.47,62.88,93.66,1
6.49,32.72,14.78,0
64.29,74.45,95.24,1
99.69,83.22,60.83,1
82.08,61.02,73.85,1
56.09,22.74,57.17,0
61.75,98.91,88.67,1
81.39,79.14,99.96,1
0.27,0.78,25.41,0
83.57,82.29,65.04,1
49.94,12.29,15.62,0
97.74,65.37,79.97,1
76.66,73.21,62.97,1
83.58,65.71,64.32,1
26.46,51.42,21.78,0
58.23,55.26,5.8,0
29.76,9.14,23.25,0
9.05,32.23,3.31,0
78.74,81.68,80.56,1
45.23,15.61,48.83,0
86.75,85.9,94.02,1
15.52,52.55,47.61,0
0.05,50.9,29.39,0
82.81,65.07,84.81,1
97.44,61,65.64,1
76.43,61.24,94.76,1
21.57,8.11,20.31,0
24.34,5.66,27.5,0
8.86,4.96,3.43,0
39.12,46.98,36.83,0
77.43,93.06,84.96,1
90.17,65.86,74.43,1
98.71,83.03,64.97,1
98.51,85.22,67.11,1
20.03,27.82,2.07,0
8.24,13.16,23.29,0
98.97,74.85,67.89,1
57.66,41.76,46.01,0
58.84,28.61,54.53,0
56.75,32.52,46.64,0
26.19,9.61,3.89,0
50,24.4,50.84,0
40.33,46.97,56.14,0
60.77,85.47,70.84,1
13.61,35.47,51.27,0
25.85,41.94,28.02,0
99.44,88.85,64.47,1
86.27,83.24,63.71,1
78.06,91.86,94.19,1
67.24,66.53,77.87,1
96.25,71.86,87.54,1
16.37,13.05,13.64,0
91.37,61.92,67.6,1
92.04,99.24,64.36,1
99.36,74.51,90.51,1
75.12,93.68,65.63,1
68.18,74.75,99.44,1
46.43,32.63,38.17,0
1.9,39.75,41.17,0
45.58,11.53,50.88,0
75.35,62.64,67.39,1
26.03,52.53,0.26,0
76.69,91.28,90.48,1
98.7,74.98,82.58,1
82.77,84.42,72.07,1
52.55,52.97,32.95,0
93.18,72.48,71.23,1
65.68,67.74,80.04,1
96.13,95.75,83.16,1
19.55,38.31,59.49,0
77.2,67.26,70,1
86.6,71.23,82.58,1
31.57,3.18,28.96,0
34.04,5.33,35.88,0
80.35,63.51,91.69,1
75.17,68.1,84.12,1
96.5,80.67,63.17,1
53.2,4.36,33.01,0
8.3,16.1,38.92,0
33.02,44.89,17.35,0
29.18,15.34,46.72,0
74.35,68.58,78.96,1
37.48,10.4,53.25,0
13.39,50.01,53.4,0
35.22,6.72,2.22,0
83.99,87.35,94.77,1
75.21,99.15,92.32,1
29.13,52.5,1.38,0
95.02,95.59,86.21,1
24.47,57.85,4.23,0
86.26,77.11,85.9,1
89.89,76.75,91.24,1
57.77,38.08,44.97,0
66.09,99.52,65.19,1
6.11,11.18,18.66,0
58.1,59.17,37.15,0
57.81,6.41,54.69,0
85.42,85.76,98.28,1
28.91,20.67,9.04,0
94.98,98.6,67.61,1
17.58,26.13,42.85,0
65.76,96.65,96.08,1
19.36,7.28,28.81,0
84.2,76.41,80.02,1
74.93,87.64,84.53,1
66.9,60.39,66.18,1
96.03,72.52,81.16,1
97.37,93.27,88.09,1
95.29,77.55,63.56,1
63.24,84.21,68.21,1
8.36,48.9,51,0
84.78,78.31,63.01,1
36.24,1.16,4.07,0
98.98,74.96,87.4,1
66.92,85.43,69.07,1
30.17,24.35,32.13,0
25.99,36.18,26.81,0
17.77,56.65,3.97,0
82.39,80.7,79.53,1
12.12,21.29,36.62,0
84.29,81.82,81.06,1
73.64,63.95,81.81,1
44.45,37.5,24.32,0
61.55,64.72,83.9,1
39.2,28.05,41.54,0
87.07,79.77,78.81,1
16.89,13.07,34.91,0
3.35,57.56,43.3,0
45.43,45.14,12.25,0
11.61,18.54,16.32,0
88.77,63.35,61.37,1
3.59,12.34,43.39,0
25.72,8.26,2.57,0
90.7,78.33,64.21,1
33.72,0.84,33.39,0
77.54,93.13,71.83,1
22.06,26.55,53.96,0
91.33,79.58,89.46,1
76.17,86.89,79.5,1
52.12,26.52,21.12,0
95.89,82.64,83.34,1
78.23,60.5,67.28,1
11.39,44.86,51.25,0
85.67,76.4,91.45,1
58.9,26.36,36.36,0
33.68,38.95,31.95,0
25.68,1.15,37.51,0
43.34,42.45,44.39,0
34.39,44.03,39.17,0
3.63,36.75,21.33,0
65.62,93.39,86.68,1
91.1,66.45,91.44,1
90.39,92.78,74.28,1
41.91,37.97,16.55,0
34.26,49.87,29.45,0
64.46,65.39,69.3,1
99.7,74.98,70.7,1
5.38,55.84,49.45,0
72.63,96.6,80.21,1
0.91,48.87,21.58,0
52.88,6.18,26.48,0
91.11,88.05,82.9,1
90.46,77.27,70.2,1
81.92,60.33,61.16,1
0.35,10.82,18.67,0
9.6,45.85,40.2,0
66.58,62.58,75.18,1
79.44,99.77,79.39,1
50.14,14.19,23.98,0
21.35,18.87,47.71,0
25.51,5.45,49.15,0
36.49,32.96,16.47,0
26.08,49.78,10.95,0
94.97,73.6,83.54,1
46.82,58.83,27.87,0
37.76,38.72,27.01,0
65.68,62.46,79.92,1
75.62,83.23,81.16,1
59.36,26.55,44.36,0
47.97,8.07,1.66,0
57.76,46.37,9.28,0
57.4,57.79,4.04,0
42.15,18.63,22.81,0
11.18,2.45,0.22,0
6.76,37.57,54.05,0
6.6,49.21,57.75,0
1.59,43.68,24.63,0
91.82,98.66,78.13,1
25.51,40.63,50.23,0
5.82,10.88,19.33,0
64.22,76.83,70.75,1
90.64,98.88,79.51,1
31.14,31.61,45.19,0
74.48,86.54,74.61,1
95.11,61.43,83.86,1
63.75,79.65,67.93,1
98.74,66.4,93.17,1
79.54,83.03,77.53,1
6.58,7.3,51.79,0
77.3,60.7,92.11,1
88.19,98.43,79.75,1
66.42,91.51,69.76,1
1.05,23.28,42.74,0
7.05,28.37,37.97,0
39.59,17.26,7.81,0
83.89,74.23,95.38,1
37.06,46.81,13.69,0
82.97,74.54,69.18,1
58.47,4.45,48.93,0
44.14,41.97,15.82,0
83.54,75.55,71.63,1
8.76,45.7,9.77,0
84.87,74.95,85.17,1
91.94,74.78,96.79,1
80.69,76.13,87.56,1
65.78,79.91,84.05,1
67.06,70.48,87.67,1
63.73,64.53,79.8,1
65.23,84.34,88.99,1
98.18,93.07,97.25,1
1.06,6.1,58.94,0
60.48,77.39,94.27,1
41.14,41.05,34.43,0
0.4,16.44,34.24,0
88.18,89.27,99.62,1
34.06,33.55,15.95,0
69.93,60.04,71.86,1
19.42,59.99,15.68,0
18.22,10.12,15.24,0
63.75,81.21,96.77,1
17.18,35.95,32.14,0
77.59,85.03,80.48,1
38.62,34.79,24.84,0
60.85,67.39,99.04,1
65.54,87.44,80.17,1
49.04,48.35,44.57,0
14.28,30.04,18.96,0
32.28,55.82,31.38,0
67.99,83.38,77.76,1
42.16,15.07,20.96,0
79,66.08,95.42,1
15.65,47.15,24.3,0
87.91,74.44,65.12,1
53.12,24.48,59.65,0
90.92,78.99,83.13,1
78.83,76.89,79.56,1
7.96,40.45,4.8,0
15.74,37,19.67,0
64.21,90.39,88.24,1
90.97,86.95,69.6,1
70,96.98,60.63,1
15.29,34.4,28.34,0
54.66,23.02,7.98,0
53.75,42.5,10.14,0
5.14,42.12,18.45,0
53.49,52.38,40.76,0
53.1,45.61,25.66,0
29.43,9.45,51.64,0
3.13,40.6,32.67,0
42.59,15.38,36.07,0
80.85,69.82,87.54,1
87.29,66.87,77.1,1
97.67,74.92,76.1,1
15.81,34.39,15.17,0
88.73,63.49,85.11,1
68.35,71.73,76.59,1
68.83,88.53,88.74,1
76.23,95.74,72.77,1
95.26,66.78,84.93,1
67.04,65.49,86.69,1
92.04,70.53,72.13,1
52.56,9.85,38.91,0
54.95,43.18,54.77,0
5.33,33.36,42.56,0
16.8,44.46,2.86,0
86.83,61.1,64.68,1
29.94,15.58,12.47,0
75.57,71.97,89.07,1
89.5,96.72,74.66,1
67.42,86.87,99.07,1
17.19,9.1,30.48,0
64.45,81.94,79.36,1
76.57,98.28,89.23,1
4.57,2.88,20.41,0
62.27,84.01,83.14,1
12.43,53.54,25.31,0
98.42,65.63,64.56,1
18.62,48.49,27.55,0
79.45,68.74,83.82,1
77.5,79.22,92.5,1
88.66,93.72,67.83,1
83.97,97.5,79.48,1
44.08,30.99,35.41,0
2.41,30.78,45.84,0
12.83,9.8,20.73,0
96.67,65.2,80.8,1
3.24,8.44,51.53,0
1.78,3.36,52.64,0
21.93,0.12,39.51,0
83.57,87.53,98.34,1
9.32,31.41,5.34,0
71.19,93.8,88.05,1
22.53,56.26,41.44,0
63.56,64.14,68.84,1
70.98,63.71,69.45,1
98.38,81.81,87.3,1
5.07,27.24,18.35,0
2.23,58.57,57.28,0
64.55,64.73,99.33,1
33.64,3.12,44.76,0
70.26,65.83,74.27,1
80.81,86.12,90.28,1
32.27,52.82,4.78,0
76.42,91.72,74.22,1
69.55,69.41,84.7,1
96.41,79.11,63.97,1
98.23,85.31,85.06,1
92.15,97.54,95.57,1
28.7,33.15,52.78,0
42.32,31.73,59.98,0
12.93,44.97,26.1,0
54.42,49.84,45.26,0
22.36,57.45,17.94,0
32.42,35.29,45.4,0
62.06,71.37,91.63,1
57.04,35.43,41.15,0
18.86,1.1,3.77,0
32.87,26.16,42.58,0
33.89,16.61,4.69,0
77.27,66.53,77.78,1
94,80.35,78.72,1
80.59,80.47,74.35,1
67.12,85.29,61.4,1
77.18,62.08,68.39,1
68.93,66.38,64.55,1
42.12,40.68,3.93,0
86.33,62.51,93.99,1
27.32,47.28,2.64,0
1.84,28.29,11.2,0
66.81,71.08,79.87,1
51.04,38.57,45.56,0
84.45,63.99,88.63,1
92.46,89.18,89.02,1
73.57,79.07,70.52,1
34.19,5.06,44.62,0
66.12,72.69,89.9,1
21.05,21.22,9.88,0
31.13,7.27,49.08,0
95.75,86.66,77.94,1
61.9,78.62,79.77,1
39.78,15.86,9.96,0
66.46,75,65.56,1
48.79,41.3,45.53,0
95.05,97.5,97.44,1
80.08,91.91,80.65,1
0.92,21.49,43.76,0
43.29,3.21,9.69,0
98.9,74,64.56,1
84.55,66.04,75.34,1
48.48,3.93,27.41,0
25.87,50.39,52.07,0
90.26,76.3,79.63,1
26.21,30.7,33.37,0
61.99,84.7,62.52,1
13.41,21.85,35.89,0
69.68,97.45,68.78,1
92.14,94.52,92.69,1
59.72,37.93,37.65,0
97.9,90.04,99.18,1
88.49,93.08,71.04,1
71.17,77.71,77.67,1
8.65,53.72,32.01,0
43.38,19.86,12.33,0
45.22,11.18,5.1,0
41.91,15.74,4.5,0
2.15,40.21,39.45,0
78.45,97.68,66.65,1
50.31,36.67,42.75,0
15.82,5.09,15.92,0
60.81,69.54,85.62,1
25.79,34.95,19.66,0
17.06,21.59,32.54,0
78.76,74.29,87.6,1
2.55,19.11,14.35,0
50.65,19.48,32.32,0
74.25,90.14,95.49,1
81.77,81.2,60.29,1
9.3,30.66,27.24,0
60.48,99.3,79.9,1
64.49,77.64,70.96,1
12.17,40.05,43.57,0
91.82,60.53,65.31,1
37.78,2.52,28.26,0
93.4,67.73,92.53,1
50.62,27.12,20.04,0
86.41,94.08,84.86,1
77.93,80.02,77.29,1
22.03,29.5,50.64,0
53.88,58.13,53.53,0
66.35,83.27,96.98,1
54.55,48.87,48.46,0
96.35,84.47,91.23,1
24.88,35.05,14.48,0
91.84,95.65,73.92,1
95.44,61.22,88.86,1
46.99,37.52,35.88,0
86.94,73.92,85,1
34.26,59.59,39.14,0
71.83,61.87,76.94,1
66.2,62.89,86.31,1
79.85,96.19,68.82,1
99.68,91.14,92.99,1
68.24,71.75,96.35,1
51.54,22.9,50.75,0
84.58,81.74,63.16,1
27.78,27.09,37.52,0
52.17,1.76,50.06,0
88.25,61.94,62.52,1
84.98,75.56,94.83,1
90.29,89.74,87.68,1
84.14,71.1,96.36,1
81.73,71.44,86.06,1
88.43,82.5,83.29,1
10.19,57.43,20.47,0
92.72,87.51,88.85,1
45.54,1.06,13.52,0
98.88,69.86,93.22,1
31.84,28.84,39.56,0
88.42,89.17,70.66,1
18.76,5.88,14.02,0
16.63,54.56,21.03,0
68.88,90.16,67.27,1
11,36.16,32.14,0
33.72,56.19,10.66,0
10.62,3.06,5.63,0
84.8,96.41,85.09,1
15.1,5.04,47.76,0
73.19,61.8,74.9,1
60.58,86.2,68.47,1
96.79,61.96,61.54,1
98,89.54,65.25,1
76.55,93.92,86.57,1
92.67,92.74,94.6,1
31.39,29.84,32.13,0
47.37,45.12,17.93,0
31.71,46.09,15.23,0
12.05,42.95,59.79,0
83.3,77.16,93.69,1
94.89,87.89,78.8,1
77.43,82.55,74.65,1
75.98,74.96,71.5,1
7.2,9.64,10.53,0
38.87,50.23,38.03,0
77.23,94.39,73.67,1
47.67,29.77,3.17,0
36.03,12.99,7.48,0
20.58,54.1,10.51,0
57.06,36.69,48.46,0
94.99,92.01,95.33,1
84.07,89.65,82.64,1
38.37,25.72,2.86,0
98.58,85.96,78.37,1
39.11,42.7,11.13,0
96.16,97.99,85.44,1
65.68,83.84,96.07,1
80.42,74.5,65.05,1
61.56,99.97,64.88,1
40.54,47.93,30.09,0
19.24,23.89,48.45,0
83.14,63.13,83.75,1
71.55,82.24,67.37,1
70.83,90.38,70.82,1
94.31,89.12,62.01,1
79.37,90.23,67.01,1
73.65,90.66,87.99,1
63.74,72.93,73.16,1
17.76,13.92,10.27,0
47.2,29.69,1.38,0
53.89,4.9,57.95,0
24.74,20.1,2.98,0
76.94,79.28,77.61,1
84.44,93.2,63.19,1
6.58,10.38,37.64,0
31.76,0.74,9.87,0
67.08,86.6,99.28,1
64.7,60.86,95.57,1
9.11,12.59,18.17,0
9.98,22.11,13.45,0
95.28,64.12,86.8,1
42.13,57.06,26.08,0
68.49,70.95,76.31,1
1.15,40.63,42.68,0
28.57,26.01,24.07,0
14.7,3.32,35.52,0
56.78,39.2,42.7,0
25.92,25.51,16.01,0
16.75,7.33,17.54,0
83.96,89.51,91.33,1
60.45,91.44,98.71,1
60.25,81.88,71.86,1
7.63,6.08,31.1,0
27.73,13.53,46.58,0
14.33,17,57.56,0
2.63,8.86,52.15,0
44.04,3.94,57.74,0
74.43,69.38,95.27,1
58.22,58.58,11.5,0
24.76,59.16,31.21,0
24.59,5.33,29.39,0
3.98,0.48,50.71,0
90.17,96.61,97.11,1
28.7,52.43,4.05,0
3.04,10.26,53.88,0
15.08,28.43,48.03,0
97.27,74.23,72.15,1
5.16,1.57,35.07,0
94.86,98.29,98.17,1
95.52,61.16,99.97,1
92.69,70.71,83.26,1
15.03,3.52,38.5,0
73.44,73.23,86.24,1
54.2,30.49,22.93,0
26.11,2.16,38.78,0
30.94,41.94,45.97,0
61.31,98.66,97.84,1
13.08,3.77,53.17,0
91.31,84.95,62.75,1
78.56,86.56,88.21,1
53.34,11.61,3.63,0
24.06,31.1,25.23,0
93.92,68.62,87.65,1
91.07,89.03,96.63,1
62.16,80.68,85.44,1
68.32,94.27,77.95,1
66.86,65.35,70.14,1
48.75,12.95,25.96,0
53.56,4.19,19.28,0
18.6,16.37,43.62,0
27.42,41.4,42.02,0
37.12,42.23,17.13,0
77.67,96.99,76.72,1
53.35,16.87,21.04,0
56.66,16.03,9.02,0
48.21,47.05,58.12,0
58.25,16.83,47.55,0
83.26,63.11,99.45,1
80.38,73.33,98.05,1
73.32,63.81,86.69,1
87.64,98.26,72.48,1
21.55,4.32,3.54,0
93.62,73.54,88.33,1
26.1,51.99,12.37,0
22.46,57.88,41.48,0
14.92,20.93,52.18,0
74.66,91.24,73.96,1
59.35,56.98,33.77,0
28.77,37.38,36.27,0
98.44,76.62,82.23,1
93.65,78.44,82.48,1
0.09,40.03,17.97,0
39.66,28.97,30.65,0
90.22,76.15,75.75,1
52.34,0.17,36.65,0
95.56,77.23,99.03,1
17.36,57.84,29.1,0
91.87,73.48,76.16,1
56.14,11.98,6.93,0
31.86,30.85,23.52,0
62.96,88.82,76.79,1
72.79,85.23,71.09,1
7.5,4.53,23.98,0
98.04,84.92,74.46,1
14.49,28.68,18.21,0
67.34,78.61,93.19,1
95.8,68.67,62.96,1
98.62,97.64,79.55,1
28.68,6.87,0.49,0
64.75,64.88,89.45,1
8.69,26.82,20.72,0
96.67,85.18,88.86,1
78.62,88.5,61.3,1
76.83,88.18,81.03,1
57.35,0.91,40.42,0
5.95,59.18,34.31,0
40.77,39.53,56.84,0
62.77,60.52,60.8,1
46.95,32.13,11.18,0
16.03,44.7,23.63,0
39.96,15.05,29.48,0
80.96,85.83,95.62,1
44.93,10.95,20.56,0
20.01,12.37,27.46,0
25.08,50.77,51.78,0
36.53,10.37,9.22,0
83.89,93.05,74.06,1
75.67,71.62,85.41,1
12.43,0.76,28.6,0
67.26,76.67,73.41,1
80.1,99.39,89.56,1
50.27,27.82,44.53,0
56.35,8.08,48.13,0
74.49,96.85,80.33,1
65.73,95.47,95.4,1
77.79,81.57,65.69,1
84.45,98.29,93.14,1
7.92,55.43,27.41,0
1.07,52.59,49.34,0
70.58,62.43,97.79,1
97.24,67.24,75.08,1
65.46,75.31,85.11,1
37.34,25.31,0.24,0
95.81,71.91,67.34,1
33.77,17.44,44,0
29.24,21.42,57.3,0
32.39,10.95,13.07,0
14.15,57.21,9.3,0
49.47,29.72,4.68,0
45.08,46.04,9.22,0
74.14,82.96,69.37,1
85.58,73.44,81.12,1
19.52,42.04,53.07,0
76.36,69.16,82.47,1
91.29,89.67,98.49,1
19.7,54.9,26.12,0
44.96,34.72,39.47,0
55.6,46.16,18.02,0
66.9,67.36,79.64,1
99.9,87.24,80.44,1
53.33,1.56,10.11,0
29.1,41.84,1.63,0
42.12,0.71,38.56,0
6.92,39.78,51.05,0
77.62,96.09,69.34,1
34.8,49.89,34.86,0
26.32,12.95,17.56,0
87.46,81.76,95.65,1
17.34,4.47,6.47,0
99.13,68.92,79.26,1
5.37,4.2,3.35,0
22.4,1.23,36.16,0
95.12,75.25,83.11,1
67.47,75.42,73.88,1
30.6,6.19,30.45,0
5.57,10.91,37.02,0
49.83,9.13,27.09,0
99.8,77.96,98.08,1
35.55,1.15,10.39,0
45.69,14.22,49.28,0
22.71,4.79,11.95,0
71.48,71.33,75.45,1
2.51,42.21,59.79,0
98.15,95.57,68.34,1
63.22,87.63,67.75,1
74.15,69.66,96.37,1
24.85,30.84,49.58,0
94.32,80.99,68.07,1
91.57,80.73,64.83,1
82,72.27,81.11,1
24.42,22.4,25.73,0
50,39.13,49.98,0
69.09,99.58,83.23,1
76.99,68.62,77.67,1
56.91,30.04,21.16,0
59.56,25.39,26.04,0
96.86,75.61,99.7,1
62.38,96.96,70.72,1
90.84,76.53,82.1,1
68.03,93.79,79.89,1
20.91,45.28,55.12,0
69.62,92.62,65.93,1
96.32,81.96,61.58,1
53.3,5.95,12.46,0
38.99,54.14,58.75,0
95.76,98.19,64.77,1
23.02,20.47,24.43,0
76.22,98.72,92.59,1
98.64,82.63,73.07,1
13.35,51.14,45.82,0
54.63,59.82,38.81,0
89.97,75.17,70.43,1
46.96,18.45,39.06,0
5.54,43.05,22.75,0
56.57,2.88,41.72,0
92.33,81.3,73.07,1
44.82,33.46,44.97,0
60.86,75.01,94.12,1
83.78,76.24,75.45,1
6.96,13.58,55.65,0
43.65,34.72,55.04,0
73.56,84.48,78.8,1
19.94,6.66,17.02,0
37.2,12.59,43.38,0
96.85,66.03,99.22,1
31.48,36.8,43.24,0
77.45,91.14,74.69,1
95.94,77.38,63.33,1
89.77,87.48,70.38,1
30.8,57.64,33.12,0
16.64,26.4,3.11,0
41.32,27.12,43.59,0
50.92,36.01,50.08,0
32.43,2.05,32.11,0
75.22,60.46,68.95,1
88.57,89.16,95.48,1
65.76,64.44,68.64,1
88.31,78.81,92.29,1
68.9,64.32,72,1
15.38,11.31,21.63,0
76.43,83.88,80.49,1
59.77,28.27,14.78,0
20.83,27.08,58.88,0
72.91,85.83,95.36,1
7.39,20.03,47.43,0
44.4,3.39,34.55,0
8.89,56.48,52.5,0
65.02,74.04,83.99,1
29.22,14.8,19.64,0
65.68,83.14,73.73,1
78.8,98.09,72.53,1
15.18,16.46,22.6,0
90.83,61.53,63.78,1
65.07,99.93,75,1
92.53,96.55,71.73,1
96.72,61.44,63.48,1
14.04,48.45,0.17,0
58.6,22.84,33.04,0
50.48,7.4,31.31,0
69.22,83.47,63.3,1
32.66,7.79,38.03,0
20.75,57.15,40.25,0
76.01,72.03,74.66,1
95.46,85.99,97.1,1
53.35,41.05,31.87,0
78.48,74.07,83.15,1
33.87,38.45,28.22,0
51.92,11.97,9.29,0
92.98,63.41,72.57,1
61.1,61.47,66.81,1
36.67,38.66,39.41,0
5.8,57.99,57.74,0
37.73,58.16,53.96,0
0.05,0.87,20.81,0
72.81,62.64,64.25,1
43.53,8.62,21.51,0
10.59,37.37,30.13,0
91.27,66.46,94.77,1
87.17,88.61,60.05,1
96.28,86.98,82.53,1
83.5,73.52,88.09,1
25.13,9.72,3.19,0
68.57,86.72,99.08,1
69.4,64.36,81.26,1
63.26,66.67,65.2,1
96.85,91.89,70.33,1
90.79,84.89,87.75,1
60.56,87.78,80.1,1
96.09,82.5,89.23,1
84.72,97.54,74.45,1
27.51,40.15,1.87,0
43.92,23.56,33.4,0
95.01,69.83,62.43,1
87.81,61.33,80.89,1
88.46,95.14,85.17,1
69.37,65.75,82.46,1
68.78,78.35,95.36,1
65.04,64.32,74.3,1
9.85,46.41,33.92,0
25.87,57.43,56.87,0
14.9,52,2.11,0
78.05,75.47,93,1
9.86,49.84,58.87,0
0.45,14.49,17.63,0
82.31,92.67,61.18,1
68.26,60.14,63.9,1
80.97,86.2,73.05,1
43.76,32.55,9.48,0
16.04,15.3,24.28,0
82.78,98.28,61.08,1
64.23,79.82,64.58,1
78.17,94.7,77.3,1
80.25,97.99,83.2,1
71.23,81.19,87.21,1
52.28,32.14,33.89,0
71.6,68.77,88.4,1
96.16,95.9,91.97,1
43.04,35.31,55.23,0
76.58,79.46,64.71,1
76.36,70.52,83.36,1
98.77,81.81,63.8,1
28.83,20.25,16.16,0
63.66,92.67,97.66,1
24.92,32.01,6.41,0
95.28,65.95,92.31,1
53.7,27.7,21.61,0
27.97,10.4,48.59,0
30.6,58.73,42.77,0
60.61,80.23,88.37,1
68.49,85.81,86.64,1
18.39,54.57,15.28,0
56.56,4.85,9.61,0
85.36,88.13,67.67,1
82.53,90.99,89.33,1
12.46,58.81,25.78,0
65.38,84.78,94.66,1
88.01,87.57,80.2,1
89.02,85.69,61.55,1
67.34,97.82,88.91,1
50.26,24.78,28.93,0
70.04,84.99,65.91,1
69.03,91.88,88.89,1
72.66,90.9,95.86,1
42.17,22.06,32.44,0
43.83,56.54,57.08,0
14.13,6.37,58.49,0
25.68,20.27,25.73,0
26.63,34.76,3,0
93.44,81.65,76.18,1
55.21,49.65,13.63,0
27.25,18.94,30.02,0
80.53,95.85,73.85,1
3.1,24.46,1.39,0
48.18,5.2,2.77,0
76.37,62.02,86.99,1
21.02,27.44,35.5,0
69.54,69.56,98.75,1
38.36,28.25,34.44,0
99.96,77.34,61.11,1
60.51,62.74,86.01,1
20.46,7.21,48.59,0
90.83,99.55,84.55,1
60.41,88.71,97.53,1
41.3,14.83,25.97,0
4.48,55.07,21.88,0
70.93,75.43,83.89,1
75.38,68.96,77.87,1
97.39,74.82,61.68,1
44.53,57.5,37.04,0
9.91,34.03,40.88,0
70.47,69.79,71.01,1
81.33,91.56,60.96,1
84.83,89.99,80.3,1
7.45,11.89,59.85,0
44.25,35.66,18.13,0
60.15,62.23,93.43,1
41.61,23.73,0.73,0
18.61,19.39,55.84,0
18.68,52.1,58.13,0
22.76,14.76,24.86,0
77.42,96.89,69.9,1
73.1,67.08,70.7,1
75.74,75.14,64.57,1
68.82,70.5,79.46,1
90,69.05,74.45,1
4.21,58.05,33.53,0
87.31,65.68,94.36,1
77.72,90.42,79.59,1
10.93,9.1,22.68,0
64.41,93.17,76.85,1
12.77,57.7,34.16,0
8.42,34.66,1.94,0
73.11,69.46,82.43,1
8.48,12.67,28.09,0
11.35,31.34,24.48,0
75.88,83.76,89.75,1
6.06,11.97,9.5,0
94.62,97.82,89.73,1
46.3,0.5,8.98,0
48.55,42.78,26.26,0
65.87,75.08,69.02,1
28.88,43.44,37.85,0
82.85,81.15,72.81,1
86.26,68.35,88.94,1
4.93,34.43,19.3,0
92.52,64.93,89.63,1
78.46,81.47,95.42,1
19.41,11.84,9.46,0
69.19,79.67,82.38,1
55.62,50.89,49.88,0
86.82,62.13,84.62,1
98.93,82.93,69.02,1
79.41,78.86,76.47,1
85.97,79.78,90.15,1
96.16,60.74,84.3,1
30.33,53.37,1.39,0
97.48,83.23,99.27,1
39.43,23.99,49.38,0
92.45,83.74,78.56,1
7.21,12.6,19.96,0
79.61,91.89,90.57,1
65.8,63.65,69.27,1
68.3,66.36,86.14,1
93.25,83.08,75.49,1
47.87,11.18,25.12,0
73.35,89.07,82.43,1
85.88,88.58,93.16,1
63.87,88.08,68.78,1
44.13,19.48,39.78,0
86.27,63.84,63.01,1
25.91,27.94,4.2,0
83.15,95.52,68.7,1
6.74,32.08,21.65,0
99.1,72.69,96.69,1
59.68,20.93,23.15,0
31.73,9.43,36.19,0
24.44,5.64,59.71,0
92.84,97.41,66.76,1
86.33,62.54,93.81,1
72.42,68.67,70.67,1
5.04,45.12,34.63,0
88.4,81.25,95.19,1
17.91,14.17,23.82,0
69.26,68.99,81.22,1
75.19,75.07,80.41,1
59.81,29.8,46.53,0
14.52,47.86,39.41,0
22.35,33.26,31.24,0
70.47,82.45,76.77,1
82.8,96.01,62.1,1
74.03,78.88,94.5,1
34.51,40.79,59.2,0
89.09,72.68,91.94,1
74.84,87.32,65.49,1
27.25,44.64,40.33,0
8.3,37.77,9.95,0
99.05,61.46,98.86,1
79.68,87.11,62.57,1
80.37,63.88,70.52,1
51.89,28.92,37.63,0
16.62,39.36,50.94,0
67.51,93.19,67.48,1
16.4,0.65,18.65,0
3.84,10.2,14.73,0
93.99,84.43,77.84,1
42.39,53.34,4.21,0
85.37,97.97,91.4,1
92.05,63.13,74.41,1
23.16,32.39,22.45,0
60.66,98.19,61.24,1
35.86,24.77,55.79,0
13.86,31.07,10.29,0
76.15,72.07,86.46,1
92.06,67.86,95.66,1
75.34,98.39,77.85,1
71.19,98.21,93.37,1
82.81,95.89,64.61,1
48.04,52.98,27.04,0
96.24,72.09,75.05,1
46.84,5.95,5.66,0
60.28,71.64,78.85,1
45.98,35.33,47.78,0
13.64,21.48,18.68,0
88.1,86.16,82.74,1
69.89,60.03,91.21,1
2.05,12.17,23.12,0
71.6,71.57,96.05,1
89.84,60.95,93.89,1
11.48,42.59,38.12,0
52.5,43.96,55.17,0
95.25,87.61,72.91,1
7.17,53.64,47.37,0
57.91,23.81,46.39,0
39.49,59.48,34.99,0
34.71,28.63,30.91,0
83.21,63.57,84.46,1
60.43,84.61,80.8,1
49.33,1.41,9.39,0
25.74,3.25,10.71,0
47.62,17.37,8.8,0
95.63,90.09,64.95,1
32.7,18.78,51.23,0
15.27,46.3,20.99,0
18.11,46.02,7.71,0
78.42,82.64,87.68,1
43.55,53.01,24.34,0
0.21,55.23,29.74,0
2.13,31.39,51.07,0
29.7,27.48,45.19,0
70.1,65.55,99.66,1
2.38,8.95,53.49,0
93.44,61.5,98.81,1
64.06,69.51,75.52,1
95.94,91.23,85.21,1
78.02,62.94,70.76,1
73.97,72.56,64.05,1
36.33,32.39,7.22,0
36.81,54.41,43.46,0
51.75,49.97,26.36,0
11.42,13.27,34.45,0
80.22,73.57,97.01,1
9.66,53.18,32.94,0
46.44,1.84,0.03,0
26.45,6.01,47.94,0
33.89,37.63,51.36,0
79.93,67.13,87.77,1
24.9,53.01,26.06,0
80.02,70.71,95.5,1
1.12,27.4,33.33,0
91.21,98.79,83.68,1
97.68,85.15,66.47,1
65.46,91.17,84.29,1
18.03,30.17,49.42,0
98.96,62.09,65.87,1
60.27,79.97,89.01,1
66.38,84.73,77.01,1
76.08,83.96,71.76,1
8.41,44.26,6.53,0
86.44,79.39,75.06,1
49.86,33.75,27.99,0
70.36,87.87,76.18,1
47.41,7.13,22.72,0
35.97,48.51,17.68,0
91.4,87.12,87.61,1
91.46,72.5,63.41,1
45.8,5.79,0.33,0
83.73,72.3,82.66,1
17.42,11.35,0.98,0
87.54,64.7,84.4,1
5.03,45.29,1.28,0
57.02,4.04,26.17,0
55.08,34.86,45.22,0
84.45,64.63,67.31,1
72.53,98.94,96.87,1
4.66,23.41,27.56,0
54.07,46.39,29.97,0
81.83,69.83,78.6,1
4.01,13.37,23.06,0
51.54,46.71,33.07,0
62.05,77.16,76.72,1
88.49,83.74,66.55,1
25.22,8.64,48.91,0
78.04,79.95,66.4,1
9.88,44.31,36.48,0
66.36,97.73,85.67,1
67.06,79.74,61.32,1
68.13,90.79,60.27,1
8.1,18.31,20,0
22.25,13.34,31.35,0
30.77,56.79,14.24,0
33.79,32.72,12.79,0
97.12,62.28,80.39,1
43.82,34.85,10.53,0
6.75,51.88,2.75,0
95.93,62.17,98.62,1
35.5,53.61,59.24,0
30.77,8.62,10.14,0
20.83,19.06,48.62,0
14.27,36.56,19.44,0
69.19,99.04,93.88,1
78.69,99.54,67.9,1
88.35,70.54,84.5,1
65.65,89.69,77.89,1
33.67,36.53,16.48,0
79.09,62.03,73.32,1
91.8,73.95,73.85,1
10.47,51.84,40.4,0
1.53,16.02,55.52,0
0.95,47.68,41.88,0
35.65,25.21,9.98,0
22.77,9.45,58.06,0
73.04,88.33,75.76,1
9.13,5.61,25.99,0
79.24,97.17,84.94,1
33.62,0.47,4.41,0
41.02,17.52,52.63,0
99.49,60.91,96.13,1
78.68,66.08,89.08,1
93.93,83.93,76.04,1
46.06,46.77,12.84,0
48.01,38.16,23.36,0
21.22,15.46,20.07,0
54.79,23.1,23.95,0
99.6,83.71,87.84,1
65.56,83.84,86.15,1
74.36,78.76,67.69,1
60.69,79.08,95.28,1
21.42,8.63,22.45,0
70.09,66.77,62.94,1
65.67,66.08,75.66,1
24.6,32.24,39.49,0
99.26,63.28,84.27,1
87.28,91.67,69.43,1
66.07,87.78,65.1,1
94.06,76.09,90.5,1
90.93,79.04,76.77,1
76.91,74.99,63.29,1
92.05,92.15,96.46,1
41.28,16.51,51.93,0
35.92,11.18,31.49,0
11.3,58.42,29.31,0
11.23,16.11,54.42,0
58.33,30.92,57.57,0
28.33,43.16,15.94,0
64.72,75.74,65.42,1
54.8,14.21,0.3,0
93.25,78.87,68.83,1
99.44,70.1,81.35,1
33.41,23.95,34.2,0
50.28,19.23,34.62,0
11.02,22.17,33.91,0
7.4,35.26,14.06,0
90.94,81.75,63.58,1
73.47,67.97,60.69,1
1.44,10.85,9.29,0
79.72,85,90.22,1
36.73,0.51,13.19,0
96.27,96.81,72.61,1
51.4,43.78,48.07,0
76.54,72.4,98,1
65.89,63.6,76.33,1
60.33,88.05,85.15,1
31.52,23.1,34.47,0
62.16,70.67,71.71,1
65.27,66.14,99.43,1
63.41,86,71.67,1
1.8,38.08,51.58,0
8.9,27.8,28.07,0
79.49,69.93,64.06,1
98.17,62.61,95.12,1
88.44,93.63,72.68,1
93.42,82.2,65.84,1
48.33,56.29,45.84,0
79.15,75.06,92.03,1
50.94,30.37,40.62,0
90.75,76.86,75.7,1
59.42,56.38,49.99,0
12.16,20.93,32.14,0
21.9,22.39,28.62,0
80.61,61.28,78.76,1
42.86,52.76,26.16,0
17.9,57.2,21.33,0
74.18,88.02,88.05,1
57.88,25.5,27.24,0
78.09,74.28,72.39,1
94.01,64.6,65.47,1
44.04,14.9,5.56,0
8.18,11.41,32.12,0
24.03,34.35,9.37,0
33.73,7.69,53.08,0
80.75,74.44,94.98,1
7.71,0.12,50.99,0
42.98,26.88,40.84,0
78.82,68.51,64.69,1
87.49,92.43,76.36,1
21.19,25.62,45.71,0
13.86,6.23,12.56,0
23.97,21.27,26.12,0
58.09,31.32,3.01,0
33.13,23.26,43.82,0
67.6,92.74,93.74,1
49.18,37.41,42.04,0
84.27,81.17,84.52,1
13.42,34.11,2.99,0
89.94,99.96,88.04,1
5.76,31.98,22.42,0
99.24,89.8,93.51,1
18.57,10.55,39.84,0
78.09,66.85,65.99,1
14.25,42.35,41.88,0
97.74,65.34,91.61,1
1.4,35.33,0.21,0
83.65,78.23,98.6,1
75.75,60.58,90.67,1
87.74,97.19,75.85,1
62.24,69.05,75.57,1
87.65,82.75,67.17,1
15.59,46.53,5.73,0
74.38,95.08,60.44,1
56.32,36.64,49.6,0
45.35,44.37,55.97,0
60.59,80.67,86.77,1
96.18,63.52,66.01,1
80.08,65.72,99.87,1
97.25,61.74,89.66,1
97.03,62.15,60.02,1
75.68,70.53,63.54,1
77.9,72.67,64.26,1
63.06,80.31,62.01,1
68.36,64.32,87.63,1
73.17,73.68,67.86,1
21.56,42.94,58.67,0
93.33,85,87.88,1
26.04,22.98,8.48,0
77.67,60.12,78.29,1
74.92,79.85,62.04,1
58.23,54.7,11.28,0
42.58,5.09,6.77,0
42.7,48.02,36.59,0
3.99,22.38,26.19,0
21.15,3.29,3.9,0
79.55,75.21,74.72,1
95.08,72.74,93.21,1
91.88,92.47,97.87,1
25.13,25.7,39.58,0
60.8,78.22,97.47,1
29.53,35.81,29.8,0
8.99,31.98,18.47,0
60.85,73.78,86.53,1
71.5,90.41,88.04,1
94.78,68.04,99.71,1
54.18,16.55,32.2,0
43.5,56.27,3.52,0
68.44,92.82,96.23,1
60.26,60.2,60.07,1
50.39,44.71,38.43,0
98.58,96.74,82.88,1
34.41,11.28,0.98,0
32.37,36.63,22.57,0
18.9,38.21,43.59,0
64.89,89.6,63.41,1
77.8,89.45,84.91,1
70.71,93.21,65.15,1
14.47,34.47,40.16,0
82.7,89.21,74.49,1
37.5,3.17,10.23,0
62.74,91.02,90.66,1
36.21,38.79,53.4,0
0.07,20.81,57.18,0
69.93,94.06,62.57,1
52.57,3.35,1.03,0
31.26,0.39,48.8,0
69.17,90.78,77.35,1
38.58,38.8,46.76,0
17.18,0.94,51.17,0
73.73,79.53,77.58,1
73.32,68.76,92.17,1
91.67,91.27,99.89,1
46.86,41.41,5.81,0
86.56,63.37,96.45,1
54.87,2.68,16.43,0
80.03,76.56,85.88,1
65.15,62.3,71.58,1
56.7,32.59,46.24,0
25.23,34.63,4.81,0
47.04,7.15,49.7,0
71.44,75.54,99.51,1
60.19,75.31,95.46,1
2.11,5.26,8.04,0
82.16,65.99,82.46,1
27.12,29.41,20.49,0
66.91,97.36,69.39,1
4.55,48.39,11.8,0
90.92,62.46,77.53,1
74.48,82.07,91.72,1
96.5,75.03,66.39,1
70.7,98.97,67.3,1
72.15,88.52,74.35,1
39.42,12.55,4.19,0
67.99,99.3,76.31,1
7.58,58.53,43.35,0
39.77,49.39,43.19,0
35.03,38.67,46.57,0
7.61,53.31,9.48,0
22.78,52.82,0.71,0
56.39,59.94,37.45,0
34.83,11.04,25.4,0
10.6,27.12,23.45,0
70.3,84.14,94.71,1
32.71,56.24,14.09,0
97.74,71.72,97.44,1
88.04,87.66,92.84,1
45.02,58.5,48.4,0
4.08,54.38,24.77,0
54.58,31.47,54.95,0
89.34,71.87,72.35,1
57.8,49.38,35.99,0
3.95,8.24,53.32,0
47.21,3.89,44.43,0
83.03,63.67,92.98,1
0.19,10.86,5.56,0
71.11,67.86,60.38,1
52.19,42.88,16.65,0
34.71,7.71,16.22,0
55.59,28.91,2.53,0
62.55,69.2,79.07,1
61.63,60.25,90.2,1
98.08,99.04,78.11,1
40.53,2.91,5.76,0
26.6,17.09,59.52,0
41.71,49.25,10.73,0
43.42,30.85,52.92,0
17.42,1.28,13.76,0
20.6,4.29,43.3,0
11.2,27.84,38.3,0
26.84,4.94,17.63,0
27.34,5.1,11.35,0
82.49,72.96,64.02,1
2.65,26.87,55.1,0
21.39,12.81,25.23,0
98.52,94.8,74.8,1
29.53,25.23,30.53,0
95.43,88.9,74.87,1
2.61,19.06,11.66,0
82.36,97.43,85.25,1
55.75,46.09,40.81,0
91.23,64.33,83.36,1
71.84,67.86,65.73,1
19.48,43.72,11.59,0
5.73,38.17,54.82,0
81.81,65.22,90.38,1
51.39,10.35,14.73,0
31.08,45.58,56.7,0
19.06,14.28,22.9,0
33.15,57.9,1.7,0
28,27.12,2.67,0
23.77,21.28,10.56,0
93.01,95.06,90.54,1
85.92,67.49,71.87,1
93,72.58,73.64,1
9.29,40.67,48.77,0
8.05,28.74,32.1,0
70.26,64.99,89.5,1
7.86,19.96,38.53,0
80.16,71.03,89.01,1
40.93,55.26,17.4,0
89.53,67.61,89.88,1
2.26,42.86,41.73,0
33.16,19.72,27.69,0
6.92,21.51,27.85,0
74.49,96.66,71.57,1
48.83,55.57,54.06,0
5.81,3.91,35.34,0
15.05,56.79,12.58,0
49.05,42.94,33.1,0
90.23,93.99,86,1
35.38,59.15,40.9,0
82.35,76.82,67.26,1
52.67,36.52,35.84,0
45.04,2.16,57.88,0
59.2,2.52,38.97,0
40.73,33.36,54.79,0
59.69,23.91,20.15,0
64.26,84.87,79.16,1
99.41,90.85,84.4,1
45.82,24.13,56.99,0
24.63,28.61,50.8,0
20.58,52.65,50.06,0
16.94,45.82,55.14,0
18.61,50.74,28.54,0
69.46,64.03,73.48,1
3.73,11.8,50.86,0
3.85,58.41,6.93,0
71.21,70.84,77.18,1
62.13,75.67,87.96,1
66.4,70.03,81.89,1
87.29,70.16,87.35,1
11.69,4.79,46.07,0
22.87,27.21,26.5,0
60.16,90.64,77.1,1
96.29,67.39,78,1
17.14,26.16,35.53,0
93.53,98.63,78.41,1
49.09,0.57,51.74,0
80.91,71.46,73.07,1
38.83,44.51,55.01,0
96.99,65.19,87.14,1
6.89,2.23,20.9,0
59.35,43.5,51.61,0
96.04,63.65,89.44,1
18.21,1.58,50.85,0
16.1,0.52,42.19,0
22.03,10.69,47.22,0
20.15,55.97,6.27,0
7.58,48.57,53.89,0
33.42,43.82,26.22,0
18.68,16.58,47.62,0
1.98,10.64,40.21,0
13.16,41.15,0.88,0
24.03,46.84,2.12,0
3.9,5.76,54.43,0
32.26,13.86,59.56,0
46.7,27.09,43.36,0
60.65,74.19,98.99,1
76.04,63.79,94.75,1
72.85,66.77,67.73,1
41.52,30.38,40.5,0
94.06,87.55,98.32,1
85.93,64.62,91.74,1
89.46,92.48,77.74,1
23.64,41.69,45.55,0
57.38,58.52,54.57,0
83.7,61.51,85.12,1
61.17,65.52,72.44,1
77.17,89.12,80.66,1
73.63,75.19,63.99,1
79.45,79.16,65.48,1
55.43,36.05,14.82,0
49.7,51.59,30.07,0
53.32,28.24,34.88,0
99.5,99,62.86,1
46.19,3.26,32.69,0
75.92,76.03,89,1
70.75,86.65,76.41,1
36.13,24.05,27.52,0
60.72,77.69,90.71,1
73.25,67.99,81.92,1
63.97,72.47,66.37,1
96.82,83.43,74.33,1
92.1,65.34,84.54,1
99.78,65.97,84.22,1
85.16,85.74,65.78,1
28.17,28.48,41.74,0
74.46,63.75,99.95,1
75.63,98.46,83.26,1
49.46,51.1,23.84,0
69.77,77.02,73.34,1
84.98,80.89,98.98,1
84.53,99.12,71.53,1
30.39,56.74,22.39,0
99.66,90.39,61.97,1
41.94,11.86,8.95,0
7.55,22.73,35.07,0
69.22,85.08,64.33,1
74.11,87.22,65.03,1
76.82,86.62,93.53,1
94.05,89,96.45,1
44.29,32.53,37.73,0
77.28,71.18,76.31,1
31.47,21.8,17.93,0
89.63,63.41,99.9,1
99.94,69.62,83.94,1
30.38,56.7,52.45,0
1.72,22.06,42.06,0
26.57,32.13,36.59,0
12.15,28.91,40.14,0
77.82,95.27,71.56,1
21.83,44.7,33.32,0
53.04,19.07,58.63,0
87.92,82.07,75.67,1
1.6,8.31,34.69,0
73.15,78.79,76.78,1
60.12,78.16,77.79,1
12.83,6.2,1.87,0
91.51,67.17,61.46,1
48.42,34.96,45.85,0
74.91,94.97,70.51,1
90.72,93.53,90.45,1
76.84,72.56,86.69,1
10.8,53.31,27.64,0
52.22,21.79,43.19,0
17.08,45.9,2.58,0
83.84,84.84,92.93,1
67.1,71.64,87.5,1
7.46,13.23,36.26,0
8.1,20.87,11.51,0
89.42,99,88.93,1
10.57,17.13,20.32,0
18.27,7.34,14.56,0
63.65,61.31,97.1,1
34.37,35.42,26.88,0
81.55,88.72,86.6,1
34.68,57.41,50.33,0
86.78,92.78,66.79,1
9.43,41.83,52.91,0
96.45,83.61,91.74,1
19.72,48.51,28.87,0
15.74,49.94,30.59,0
27.11,27.88,58.17,0
43.52,1.15,2.88,0
31.99,50.6,41.87,0
23.27,53.91,4.19,0
99.65,68.38,73.54,1
94.82,87.71,99.09,1
65.12,91.21,79.6,1
50.92,46.81,41.71,0
65.1,86.22,73.93,1
84.38,66.64,71.43,1
61.47,80.77,74.39,1
19.63,31.87,8.45,0
93.75,99.47,60.68,1
33.31,1.21,4.49,0
19.77,39.92,33.19,0
75.58,88.79,84.2,1
84.2,61.1,77.92,1
52.88,23.84,3.29,0
26.81,14.72,38.84,0
66.04,83.63,80,1
54.96,5.01,34.03,0
54.9,55.85,9.56,0
60.68,71.48,98.83,1
67.29,98.45,68.9,1
73.88,88.38,98.31,1
98.22,88.53,83.03,1
23.47,29.67,11.68,0
31.74,50.8,39.7,0
43.84,17.08,7.1,0
41.59,46.68,32.67,0
38.94,5.78,12.16,0
54.26,12.47,46.95,0
92.63,75.3,74.73,1
22.01,42.53,11.55,0
24.02,51.17,25.15,0
99.41,91.79,99.39,1
74.89,84.44,70.93,1
18.59,28.21,16.94,0
76.36,79.43,85.89,1
67.86,70.71,83.33,1
85.96,85.92,87.76,1
74.74,95.41,61.31,1
17.8,17.86,36.53,0
84.17,61.58,76.24,1
73.95,83.78,63.79,1
63.03,99.02,68.01,1
21.26,36.39,41.22,0
40.98,35.42,18.12,0
65.77,67.18,79.1,1
30.08,13.24,20.86,0
64.02,64.27,77.66,1
7.08,32.65,21.63,0
84.62,77.31,98.58,1
91.68,92.18,67.97,1
57.76,26.64,35.1,0
13.32,56.17,54.09,0
17.24,43.24,30.39,0
24.75,50.42,21.98,0
75.59,69.49,82.95,1
26.47,2.45,15,0
31.69,43.54,2.66,0
96.24,63.94,71.69,1
97.63,77.27,86.15,1
43.69,22.21,7.66,0
92.68,96.97,71.55,1
1,40.22,42.32,0
55.75,17.23,43.47,0
11.24,21.71,42.03,0
70.11,75.96,64.51,1
7.24,59.88,46.65,0
73.32,72.24,91.82,1
75.89,70.84,75.2,1
10.25,49.44,37.18,0
41.61,48,55.26,0
65.54,68.05,73.38,1
24.78,33.72,43.09,0
81.29,71.14,96.82,1
42.14,44.77,35.79,0
51.82,55.57,22.84,0
93.41,74.97,84.02,1
36.33,55.2,20.6,0
87.02,71.84,99.57,1
50.91,52.94,56.66,0
23.26,51.97,35.14,0
76.05,82.99,77.52,1
19.89,40.33,19.32,0
71.56,96.96,66.76,1
69.09,85.85,75.49,1
67.89,75.28,95.08,1
9.41,31.72,18.99,0
42.77,34.25,11.31,0
57.17,5.2,23.44,0
14.15,57.2,34.12,0
38.4,24.47,29.08,0
84.58,95.14,85.05,1
63.6,83.01,94.4,1
1.49,29.5,55.93,0
65.46,66.27,94.47,1
51.28,42.59,27.36,0
88.05,71.95,89.16,1
8.07,54.49,20.31,0
30.3,44.01,45.14,0
42.23,33.3,7.17,0
55.53,1.52,24.91,0
9.08,37.78,27.83,0
35.28,10.23,10.6,0
55.13,18.69,56.31,0
64.21,74.57,75.97,1
31.22,3.55,14.49,0
72.8,62.85,71.04,1
10.34,21.73,52.78,0
24.91,13.88,0.96,0
13.34,19.5,2.97,0
20.96,12.52,49.77,0
46.45,34.04,45.25,0
65.24,71.79,78.93,1
38.18,55.34,36.56,0
34.11,27.78,34.28,0
91.5,63.1,90,1
50.62,19.42,30.8,0
85.31,96.04,78.13,1
92.68,65.21,73.14,1
93.98,65.59,77,1
66.26,97.52,84.41,1
72.84,60.07,75.09,1
70.6,62.15,62.98,1
34.46,12.06,0.42,0
84.8,64.13,62.43,1
72.04,97.7,88.19,1
93.62,96.52,89.45,1
86.99,81.59,66.39,1
56.4,57.84,29.33,0
60.54,62.24,78.06,1
88.33,60.4,86.5,1
88.15,79.6,61.64,1
90.62,89.49,95.44,1
56.91,22.35,15.53,0
79.83,98.9,91.29,1
26.94,22.33,52.57,0
71.13,71.66,77.25,1
87.48,86.74,68.04,1
67.63,79.25,66.01,1
74.38,61.44,72.4,1
92.25,92.65,94.33,1
9.71,44.77,46.07,0
17.53,4.14,50.19,0
36.48,13.87,41.38,0
68.35,73.63,76.4,1
75,98.33,84.28,1
54.2,8.04,13.88,0
22.86,11.97,18.86,0
33.59,18.02,16.95,0
60.91,75.45,77.88,1
63.71,75.43,73.84,1
47.59,46.39,59.13,0
77.76,96.72,76.72,1
84.3,71.84,71.43,1
63.53,62.39,99.56,1
29.51,10.13,5.56,0
2.22,54.55,57.16,0
6.19,28.73,48.67,0
90.91,86.81,97.35,1
82.12,96.13,86.19,1
32.06,36.49,19.66,0
51.48,12.65,3.3,0
55.32,38.32,56.86,0
54.14,10.98,0.29,0
82.88,90.55,61.11,1
60.55,64.73,74.6,1
67.78,79.28,74.86,1
22.31,56.17,43.29,0
63.43,95.89,87.87,1
0.26,32.76,45.29,0
23.79,18.84,27.05,0
59.04,3.57,34.38,0
76.97,89.26,72.25,1
29.05,24.13,54.63,0
95.98,69.22,69.47,1
76.11,96.64,68.4,1
43,4.17,3.39,0
24.15,57.24,44.69,0
55.02,37.53,17.15,0
76.53,87.87,75.54,1
